{"cameraMode":{"drawMode":0,"name":"Shaded","section":"Shading Mode"},"sceneLighting":true,"audioPlay":false,"sceneViewState":{"m_AlwaysRefresh":false,"showFog":true,"showSkybox":true,"showFlares":true,"showImageEffects":true,"showParticleSystems":true,"showVisualEffectGraphs":true,"m_FxEnabled":true},"in2DMode":false,"pivot":{"x":17.348939895629884,"y":5.090179920196533,"z":12.057112693786621},"rotation":{"x":-0.00144031154923141,"y":0.993119478225708,"z":-0.11703934520483017,"w":-0.012515495531260968},"size":5.207789897918701,"orthographic":false}